mes,UF_dia_1,504D_UF,504D_$_del_mes,27D_UF,76H_UF,bodegas4_UF,508_UF,509_UF,CE_UF,masa_conocida_UF,masa_conocida_$_del_mes,masa_reajustada_a_UF_hoy_40926.41_$
2019-02,27545.34,12.7063,349999,0.4765,1.9059,1.9059,9.7000,9.7000,53.2000,36.3946,1002502,1489500
2019-03,27557.89,12.7005,349999,0.4763,1.9051,1.9051,9.7000,9.7000,53.2000,36.3870,1002749,1489189
2019-04,27565.76,12.6969,350000,0.4761,1.9045,1.9045,9.7000,9.7000,53.2000,36.3820,1002897,1488985
2019-05,27666.77,12.6506,350001,0.4744,1.8976,1.8976,9.7000,9.7000,53.2000,36.3202,1004863,1486455
2019-06,27765.23,12.6057,350000,0.4727,1.8909,1.8909,9.7000,9.7000,53.2000,36.2602,1006773,1484000
2019-07,27908.86,12.5408,349999,0.4703,1.8811,1.8811,9.7000,9.7000,53.2000,36.1733,1009556,1480443
2019-08,27953.42,13.0574,364999,0.4897,1.9586,1.9586,9.7000,9.7000,53.2000,36.8643,1030483,1508723
2019-09,27994.89,13.0381,365000,0.4889,1.9557,1.9557,9.7000,9.7000,53.2000,36.8384,1031287,1507663
2019-10,28050.40,13.0123,365000,0.4880,1.9518,1.9518,9.7000,9.7000,53.2000,36.8039,1032364,1506252
2019-11,28065.35,13.0054,365001,0.4877,1.9508,1.9508,9.7000,9.7000,53.2000,36.7947,1032656,1505875
2019-12,28229.83,12.9296,365000,0.4849,1.9394,1.9394,9.7000,9.7000,53.2000,36.6933,1035846,1501725
2020-01,28310.86,12.8926,365001,0.4835,1.9339,1.9339,9.7000,9.7000,53.2000,36.6439,1037420,1499703
2020-02,28339.17,12.8797,365000,0.4830,1.9320,1.9320,9.7000,9.7000,53.2000,36.6267,1037970,1498999
2020-03,28469.54,12.8207,364999,0.4808,1.9231,1.9231,9.7000,9.7000,53.2000,36.5477,1040496,1495766
2020-04,28601.15,12.7617,364999,0.4786,1.9143,1.9143,9.7000,9.7000,53.2000,36.4689,1043052,1492541
2020-05,28693.59,12.7206,365000,0.4770,1.9081,1.9081,9.7000,9.7000,53.2000,36.4138,1044843,1490286
2020-06,28716.52,12.7105,365001,0.4766,1.9066,1.9066,9.7000,9.7000,53.2000,36.4003,1045290,1489734
2020-07,28695.46,12.7198,365001,0.4770,1.9080,1.9080,9.7000,9.7000,53.2000,36.4128,1044882,1490245
2020-08,28666.51,12.7326,364999,0.4775,1.9099,1.9099,9.7000,9.7000,53.2000,36.4299,1044318,1490945
2020-09,28680.37,12.7265,365001,0.4772,1.9090,1.9090,9.7000,9.7000,53.2000,36.4217,1044588,1490609
2020-10,28708.80,12.7139,365001,0.4768,1.9071,1.9071,9.7000,9.7000,53.2000,36.4049,1045141,1489922
2020-11,28844.20,12.6542,365000,0.4745,1.8981,1.8981,9.7000,9.7000,53.2000,36.3249,1047763,1486648
2020-12,29036.92,12.6542,367439,0.4745,1.8981,1.8981,9.7000,9.7000,53.2000,36.3249,1054763,1486648
2021-01,29069.39,12.6542,367850,0.4745,1.8981,1.8981,9.7000,9.7000,53.2000,36.3249,1055943,1486648
2021-02,29126.55,12.6542,368573,0.4745,1.8981,1.8981,9.7000,9.7000,53.2000,36.3249,1058019,1486648
2021-03,29294.68,12.6542,370701,0.4745,1.8981,1.8981,9.7000,9.7000,53.2000,36.3249,1064126,1486648
2021-04,29396.67,12.6542,371991,0.4745,1.8981,1.8981,9.7000,9.7000,53.2000,36.3249,1067831,1486648
2021-05,29498.06,12.6542,373274,0.4745,1.8981,1.8981,9.7000,9.7000,53.2000,36.3249,1071514,1486648
2021-06,29617.07,12.6542,374780,0.4745,1.8981,1.8981,9.7000,9.7000,53.2000,36.3249,1075837,1486648
2021-07,29712.80,12.6542,375992,0.4745,1.8981,1.8981,9.7000,9.7000,53.2000,36.3249,1079314,1486648
2021-08,29758.60,12.6542,376571,0.4745,1.8981,1.8981,9.7000,9.7000,53.2000,36.3249,1080978,1486648
2021-09,29942.78,12.6542,378902,0.4745,1.8981,1.8981,9.7000,9.7000,53.2000,36.3249,1087668,1486648
2021-10,30092.38,12.6542,380795,0.4745,1.8981,1.8981,9.7000,9.7000,53.2000,36.3249,1093103,1486648
2021-11,30392.22,12.6542,384589,0.4745,1.8981,1.8981,9.7000,9.7000,53.2000,36.3249,1103994,1486648
2021-12,30776.05,12.6542,389446,0.4745,1.8981,1.8981,9.7000,9.7000,53.2000,36.3249,1117937,1486648
2022-01,30996.73,12.6542,392239,0.4745,1.8981,1.8981,9.7000,9.7000,53.2000,36.3249,1125953,1486648
2022-02,31220.68,12.6542,395073,0.4745,1.8981,1.8981,9.7000,9.7000,53.2000,36.3249,1134088,1486648
2022-03,31552.64,12.6542,399273,0.4745,1.8981,1.8981,9.7000,9.7000,53.2000,36.3249,1146146,1486648
2022-04,31730.80,12.6542,401528,0.4745,1.8981,1.8981,9.7000,9.7000,53.2000,36.3249,1152618,1486648
2022-05,32196.69,12.6542,407423,0.4745,1.8981,1.8981,9.7000,9.7000,53.2000,36.3249,1169542,1486648
2022-06,32694.20,12.6542,413719,0.4745,1.8981,1.8981,9.7000,9.7000,53.2000,36.3249,1187614,1486648
2022-07,33099.99,12.6542,418854,0.4745,1.8981,1.8981,9.7000,9.7000,53.2000,36.3249,1202354,1486648
2022-08,33426.92,12.6542,422991,0.4745,1.8981,1.8981,9.7000,9.7000,53.2000,36.3249,1214230,1486648
2022-09,33851.69,12.6542,428366,0.4745,1.8981,1.8981,9.7000,9.7000,53.2000,36.3249,1229659,1486648
2022-10,34271.85,12.6542,433683,0.4745,1.8981,1.8981,9.7000,9.7000,53.2000,36.3249,1244922,1486648
2022-11,34610.35,12.6542,437966,0.4745,1.8981,1.8981,9.7000,9.7000,53.2000,36.3249,1257218,1486648
2022-12,34817.58,12.6542,440589,0.4745,1.8981,1.8981,9.7000,9.7000,53.2000,36.3249,1264745,1486648
2023-01,35122.26,12.6542,444444,0.4745,1.8981,1.8981,9.7000,9.7000,53.2000,36.3249,1275813,1486648
2023-02,35290.91,12.6542,446578,0.4745,1.8981,1.8981,9.7000,9.7000,53.2000,36.3249,1281939,1486648
2023-03,35519.79,12.6542,449475,0.4745,1.8981,1.8981,9.7000,9.7000,53.2000,36.3249,1290253,1486648
2023-04,35574.33,12.6542,450165,0.4745,1.8981,1.8981,9.7000,9.7000,53.2000,36.3249,1292234,1486648
2023-05,35851.62,12.6542,453674,0.4745,1.8981,1.8981,9.7000,9.7000,53.2000,36.3249,1302307,1486648
2023-06,36036.37,12.6542,456011,0.4745,1.8981,1.8981,9.7000,9.7000,53.2000,36.3249,1309018,1486648
2023-07,36090.68,12.6542,456699,0.4745,1.8981,1.8981,9.7000,9.7000,53.2000,36.3249,1310990,1486648
2023-08,36046.72,12.6542,456142,0.4745,1.8981,1.8981,9.7000,9.7000,53.2000,36.3249,1309393,1486648
2023-09,36134.97,12.6542,457259,0.4745,1.8981,1.8981,9.7000,9.7000,53.2000,36.3249,1312599,1486648
2023-10,36198.73,12.6542,458066,0.4745,1.8981,1.8981,9.7000,9.7000,53.2000,36.3249,1314915,1486648
2023-11,36396.26,12.6542,460566,0.4745,1.8981,1.8981,9.7000,9.7000,53.2000,36.3249,1322091,1486648
2023-12,36568.74,12.6542,462748,0.4745,1.8981,1.8981,9.7000,9.7000,53.2000,36.3249,1328356,1486648
2024-01,36797.64,12.6542,465645,0.4745,1.8981,1.8981,9.7000,9.7000,53.2000,36.3249,1336671,1486648
2024-02,36727.10,12.6542,464752,0.4745,1.8981,1.8981,9.7000,9.7000,53.2000,36.3249,1334108,1486648
2024-03,36865.37,12.6542,466502,0.4745,1.8981,1.8981,9.7000,9.7000,53.2000,36.3249,1339131,1486648
2024-04,37100.68,12.6542,469479,0.4745,1.8981,1.8981,9.7000,9.7000,53.2000,36.3249,1347678,1486648
2024-05,37266.94,12.6542,471583,0.4745,1.8981,1.8981,9.7000,9.7000,53.2000,36.3249,1353718,1486648
2024-06,37444.94,12.6542,473836,0.4745,1.8981,1.8981,9.7000,9.7000,53.2000,36.3249,1360184,1486648
2024-07,37575.61,12.6542,475489,0.4745,1.8981,1.8981,9.7000,9.7000,53.2000,36.3249,1364930,1486648
2024-08,37577.74,12.6542,475516,0.4745,1.8981,1.8981,9.7000,9.7000,53.2000,36.3249,1365008,1486648
2024-09,37762.97,12.6542,477860,0.4745,1.8981,1.8981,9.7000,9.7000,53.2000,36.3249,1371736,1486648
2024-10,37914.20,12.6542,479774,0.4745,1.8981,1.8981,9.7000,9.7000,53.2000,36.3249,1377230,1486648
2024-11,37972.65,12.6542,480514,0.4745,1.8981,1.8981,9.7000,9.7000,53.2000,36.3249,1379353,1486648
2024-12,38260.61,12.6542,484157,0.4745,1.8981,1.8981,9.7000,9.7000,53.2000,36.3249,1389813,1486648
2025-01,38419.17,12.6542,486164,0.4745,1.8981,1.8981,9.7000,9.7000,53.2000,36.3249,1395573,1486648
2025-02,38381.93,12.6542,485693,0.4745,1.8981,1.8981,9.7000,9.7000,53.2000,36.3249,1394220,1486648
2025-03,38663.05,12.6542,489250,0.4745,1.8981,1.8981,9.7000,9.7000,53.2000,36.3249,1404431,1486648
2025-04,38899.12,12.6542,492237,0.4745,1.8981,1.8981,9.7000,9.7000,53.2000,36.3249,1413007,1486648
2025-05,39081.90,12.6542,494550,0.4745,1.8981,1.8981,9.7000,9.7000,53.2000,36.3249,1419646,1486648
2025-06,39191.97,12.6542,495943,0.4745,1.8981,1.8981,9.7000,9.7000,53.2000,36.3249,1423644,1486648
2025-07,39269.69,12.6542,496927,0.4745,1.8981,1.8981,9.7000,9.7000,53.2000,36.3249,1426468,1486648
2025-08,39173.95,12.6542,495715,0.4745,1.8981,1.8981,9.7000,9.7000,53.2000,36.3249,1422990,1486648
2025-09,39394.46,12.6542,498505,0.4745,1.8981,1.8981,9.7000,9.7000,53.2000,36.3249,1431000,1486648
2025-10,39485.65,12.6542,499659,0.4745,1.8981,1.8981,9.7000,9.7000,53.2000,36.3249,1434312,1486648
2025-11,39602.77,12.6542,501141,0.4745,1.8981,1.8981,9.7000,9.7000,53.2000,36.3249,1438567,1486648
2025-12,39643.59,12.6542,501658,0.4745,1.8981,1.8981,9.7000,9.7000,53.2000,36.3249,1440049,1486648
2026-01,39731.79,12.6542,502774,0.4745,1.8981,1.8981,9.7000,9.7000,53.2000,36.3249,1443253,1486648
2026-02,39703.50,12.6542,502416,0.4745,1.8981,1.8981,9.7000,9.7000,53.2000,36.3249,1442226,1486648
2026-03,39796.31,12.6542,503590,0.4745,1.8981,1.8981,9.7000,9.7000,53.2000,36.3249,1445597,1486648
2026-04,39841.72,12.6542,504165,0.4745,1.8981,1.8981,9.7000,9.7000,53.2000,36.3249,1447246,1486648
2026-05,40133.50,12.6542,507857,0.4745,1.8981,1.8981,9.7000,9.7000,53.2000,36.3249,1457845,1486648
2026-06,40627.62,12.6542,514110,0.4745,1.8981,1.8981,9.7000,9.7000,53.2000,36.3249,1475794,1486648
2026-07,40823.03,12.6542,516583,0.4745,1.8981,1.8981,9.7000,9.7000,53.2000,36.3249,1482892,1486648
2026-08,40844.79,12.6542,516858,0.4745,1.8981,1.8981,9.7000,9.7000,53.2000,36.3249,1483683,1486648
2026-09,40875.09,12.6542,517242,0.4745,1.8981,1.8981,9.7000,9.7000,53.2000,36.3249,1484784,1486648
UF_hoy_2026-09,40926.41
fuente,mindicador.cl/api/uf (espejo BCCh); base: CSV 2026-09-11
