Local,Direccion,Fuente,Promo,Nota
"Pizza Hut","#20-800 McBride Blvd, New Westminster, BC","Uber Eats","Buy 1, get 1","4.5"
"Subway","800 McBride Blvd, New Westminster, BC","Uber Eats","Free item on $20+","4.6"
"Papa John's Pizza","512A 6th Ave, New Westminster, BC","Uber Eats","$5 off $20+","4.6"
"Wendy's","715 Sixth Street, New Westminster, BC","Uber Eats","Buy 1, get 1","4.5"
"Subway","6th Street, New Westminster, BC","Uber Eats","Free item on $20+","4.6"
"Burger King","530 Sixth St, New Westminster, BC","Uber Eats","Buy 1, get 1","4.5"
"KFC","726 6th Street, New Westminster, BC","Uber Eats","Buy 1, get 1","4.3"
"4 Seasons Chaat House","New Westminster, BC","Uber Eats","Buy 1, get a free item","4.6"
"Freshslice Pizza","610 6th St, New Westminster, BC","Uber Eats","Buy 1, get 1","4.5"
"The Peri Peri Shack","344 6th Street, New Westminster, BC","Uber Eats","Buy 1, get 1","4.7"
"Sushi Farm","780 Princess St, New Westminster, BC","Uber Eats","Free item on $40+","4.7"
"Quesada Burritos & Tacos","208 E Columbia St, New Westminster, BC","Uber Eats","25% off select items","4.3"
"Steve's Poke Bar","237 Nelson's Crescent, New Westminster, BC","Uber Eats","Buy 1, get 1","4.7"
"Subway","435 Columbia St, New Westminster, BC","Uber Eats","Free item on $20+","4.7"
"Freshslice Pizza","417 E Columbia St, New Westminster, BC","Uber Eats","Buy 1, get 1","4.5"
"Indian Courtyard Restaurant","609 12th Street, New Westminster, BC","Uber Eats","20% off select items","4.4"
"Chicko Chicken (Sapperton)","450 East Columbia Street, New Westminster, BC","Uber Eats","Free item on $30+","4.8"
"A&W","888 Carnarvon St, New Westminster, BC","Uber Eats","Buy 1, get 1","4.6"
"Donair Dude","800 Carnarvon St Unit 230, New Westminster, BC","Uber Eats","20% off select items","4.6"
"Panago Pizza","485 E Columbia St, New Westminster, BC","Uber Eats","Free item on $30+","4.7"
"Freshslice Pizza","8th St, New Westminster, BC","Uber Eats","Buy 1, get 1","4.5"
"Quesada Burritos and Tacos","800 Carnarvon Street #231, New Westminster, BC","Uber Eats","25% off select items","4.2"
"Subway","800 Carnarvon St Unit 235, New Westminster, BC","Uber Eats","Free item on $20+","4.4"
"Cockney Kings Fish & Chips","66 10th Street, New Westminster, BC","Uber Eats","Buy 1, get 1","4.7"
"Popeyes Louisiana Kitchen","7855 Kingsway, Burnaby, BC","Uber Eats","Buy 1, get a free item","4.5"
"Chicko Chicken (Carnarvon)","800 Carnarvon Street, New Westminster, BC","Uber Eats","20% off select items","4.7"
"Subway","1005 Columbia Street, New Westminster, BC","Uber Eats","Free item on $20+","4.7"
"Mineiros Brazilian and Bistro","7542 Edmonds St, Burnaby, BC","Uber Eats","Buy 1, get a free item","4.5"
"Pizza Hut","7350 Kingsway, Burnaby, BC","Uber Eats","Buy 1, get 1","4.5"
"Chicko Chicken (Edmonds)","7343 Edmonds St, Burnaby, BC","Uber Eats","Free item on $30+","4.8"
"Subway","103-12355 Pattullo Pl, Surrey, BC","Uber Eats","Free item on $20+","4.8"
"Sushi Mura","Burnaby, BC","Uber Eats","Buy 1, get 1","4.7"
"Burger King","CRU 145 - 7155 Kingsway, Burnaby, BC","Uber Eats","Buy 1, get 1","4.4"
"Quesada Burritos and Tacos","7155 Kingsway, Burnaby, BC","Uber Eats","$5 off $35+","4.3"
"Bbong Korean Restaurant","329 North Rd, Coquitlam, BC","Uber Eats","Buy 1, get 1","4.7"
"Subway","7155 Kingsway, Burnaby, BC","Uber Eats","Free item on $20+","4.5"
"Rice and Noodle","7155 Kingsway, Burnaby, BC","Uber Eats","Buy 1, get a free item","4.7"
"MUCHO Burrito","7515 Market Crossing, Burnaby, BC","Uber Eats","Buy 1, get 1","4.6"
"Freshslice Pizza","Burnaby, BC","Uber Eats","Buy 1, get 1","4.5"
"Steve's Poke Bar","8931 Cornerstone Mews, Burnaby, BC","Uber Eats","Buy 1, get 1","4.7"
"A&W","8605 Glenlyon Pkwy, Burnaby, BC","Uber Eats","Buy 1, get 1","4.4"
"Quiznos (New Westminster)","North Arm South, New Westminster, BC","Groupon","Dos subs, dos papas y dos bebidas $17,99","4.3"
"Zubu Ramen Metrotown","Metrotown, Burnaby, BC","Groupon","Cena de ramen de 4 pasos para 2 o 4, con vino o sake $74","4.6"
"LuLu Island Winery","East Richmond, BC","Groupon","Tour y degustación para 2 o 4 $35","4.7"
"Cat & Fiddle Sports Pub","Port Coquitlam, BC","Groupon","Pizza y alitas, hasta 32% menos $19","4.4"
"Wasawas Indian Restaurant","Sunset, Vancouver, BC","Groupon","Comida india para 2 o 4, o crédito $20","4.6"
"Quiznos Richmond","Ironwood, Richmond, BC","Groupon","Hasta 42% en sándwiches $13","4.5"
"The Lobby (Pinnacle Hotel)","North Vancouver, BC","Groupon","Almuerzo con bebida + 2 h de parking $18","4.5"
